Sim number,Frequency,count,MNE activity pattern,total,count/total*100
1,19,0,tonic,3808,0
1,19,8,tonic,3808,0.210084034
1,21,0,tonic,3808,0
1,22,0,tonic,3808,0
1,23,42,tonic,3808,1.102941176
1,24,0,tonic,3808,0
1,26,0,tonic,3808,0
1,27,0,tonic,3808,0
1,28,0,tonic,3808,0
1,30,0,tonic,3808,0
1,31,0,tonic,3808,0
1,32,0,tonic,3808,0
1,33,0,tonic,3808,0
1,35,0,tonic,3808,0
1,36,0,tonic,3808,0
1,37,0,tonic,3808,0
1,38,0,tonic,3808,0
1,40,0,tonic,3808,0
1,41,0,tonic,3808,0
1,42,0,tonic,3808,0
1,44,0,tonic,3808,0
1,45,39,tonic,3808,1.024159664
1,46,1716,tonic,3808,45.06302521
1,47,0,tonic,3808,0
1,49,3,tonic,3808,0.078781513
1,50,1,tonic,3808,0.026260504
1,51,5,tonic,3808,0.131302521
1,52,41,tonic,3808,1.076680672
1,54,97,tonic,3808,2.547268908
1,55,93,tonic,3808,2.442226891
1,56,34,tonic,3808,0.892857143
1,58,3,tonic,3808,0.078781513
1,59,1,tonic,3808,0.026260504
1,60,21,tonic,3808,0.551470588
1,61,36,tonic,3808,0.945378151
1,63,60,tonic,3808,1.575630252
1,64,28,tonic,3808,0.735294118
1,65,37,tonic,3808,0.971638655
1,66,68,tonic,3808,1.785714286
1,68,59,tonic,3808,1.549369748
1,69,94,tonic,3808,2.468487395
1,70,54,tonic,3808,1.418067227
1,71,90,tonic,3808,2.363445378
1,73,153,tonic,3808,4.017857143
1,74,92,tonic,3808,2.415966387
1,75,159,tonic,3808,4.175420168
1,77,95,tonic,3808,2.494747899
1,78,215,tonic,3808,5.646008403
1,79,174,tonic,3808,4.569327731
1,80,209,tonic,3808,5.488445378
1,82,81,tonic,3808,2.12710084
1,83,0,tonic,3808,0
2,20,0,tonic,3755,0
2,20,1,tonic,3755,0.026631158
2,21,0,tonic,3755,0
2,22,0,tonic,3755,0
2,24,43,tonic,3755,1.145139814
2,25,0,tonic,3755,0
2,26,0,tonic,3755,0
2,28,0,tonic,3755,0
2,29,0,tonic,3755,0
2,30,0,tonic,3755,0
2,31,0,tonic,3755,0
2,33,0,tonic,3755,0
2,34,0,tonic,3755,0
2,35,0,tonic,3755,0
2,37,0,tonic,3755,0
2,38,0,tonic,3755,0
2,39,0,tonic,3755,0
2,41,0,tonic,3755,0
2,42,0,tonic,3755,0
2,43,0,tonic,3755,0
2,44,0,tonic,3755,0
2,46,1595,tonic,3755,42.47669774
2,47,43,tonic,3755,1.145139814
2,48,0,tonic,3755,0
2,50,21,tonic,3755,0.559254328
2,51,23,tonic,3755,0.612516644
2,52,41,tonic,3755,1.091877497
2,53,85,tonic,3755,2.263648469
2,55,129,tonic,3755,3.435419441
2,56,84,tonic,3755,2.23701731
2,57,1,tonic,3755,0.026631158
2,59,1,tonic,3755,0.026631158
2,60,1,tonic,3755,0.026631158
2,61,42,tonic,3755,1.118508655
2,63,36,tonic,3755,0.958721704
2,64,10,tonic,3755,0.266311585
2,65,42,tonic,3755,1.118508655
2,66,60,tonic,3755,1.597869507
2,68,68,tonic,3755,1.810918775
2,69,65,tonic,3755,1.7310253
2,70,66,tonic,3755,1.757656458
2,72,86,tonic,3755,2.290279627
2,73,169,tonic,3755,4.500665779
2,74,129,tonic,3755,3.435419441
2,76,131,tonic,3755,3.488681758
2,77,129,tonic,3755,3.435419441
2,78,215,tonic,3755,5.725699068
2,79,256,tonic,3755,6.817576565
2,81,134,tonic,3755,3.568575233
2,82,32,tonic,3755,0.852197071
2,83,17,tonic,3755,0.452729694
2,85,0,tonic,3755,0
5,2,0,bursting,3724,0
5,2,12,bursting,3724,0.322234157
5,4,0,bursting,3724,0
5,6,0,bursting,3724,0
5,8,0,bursting,3724,0
5,9,0,bursting,3724,0
5,11,0,bursting,3724,0
5,13,0,bursting,3724,0
5,14,0,bursting,3724,0
5,16,0,bursting,3724,0
5,18,0,bursting,3724,0
5,20,2,bursting,3724,0.053705693
5,21,0,bursting,3724,0
5,23,54,bursting,3724,1.450053706
5,25,0,bursting,3724,0
5,27,0,bursting,3724,0
5,28,1,bursting,3724,0.026852846
5,30,2,bursting,3724,0.053705693
5,32,0,bursting,3724,0
5,34,0,bursting,3724,0
5,35,2,bursting,3724,0.053705693
5,37,2,bursting,3724,0.053705693
5,39,4,bursting,3724,0.107411386
5,41,0,bursting,3724,0
5,42,0,bursting,3724,0
5,44,0,bursting,3724,0
5,46,1572,bursting,3724,42.21267454
5,48,0,bursting,3724,0
5,49,0,bursting,3724,0
5,51,0,bursting,3724,0
5,53,10,bursting,3724,0.268528464
5,55,1,bursting,3724,0.026852846
5,56,7,bursting,3724,0.187969925
5,58,1,bursting,3724,0.026852846
5,60,47,bursting,3724,1.262083781
5,62,55,bursting,3724,1.476906552
5,63,52,bursting,3724,1.396348013
5,65,51,bursting,3724,1.369495166
5,67,105,bursting,3724,2.819548872
5,69,96,bursting,3724,2.577873255
5,70,111,bursting,3724,2.980665951
5,72,141,bursting,3724,3.786251343
5,74,204,bursting,3724,5.477980666
5,76,247,bursting,3724,6.632653061
5,77,187,bursting,3724,5.021482277
5,79,311,bursting,3724,8.351235231
5,81,377,bursting,3724,10.12352309
5,83,69,bursting,3724,1.852846402
5,84,0,bursting,3724,0
5,86,0,bursting,3724,0
5,88,1,bursting,3724,0.026852846
5,90,0,bursting,3724,0
6,2,0,bursting,3847,0
6,2,64,bursting,3847,1.663634001
6,4,0,bursting,3847,0
6,6,0,bursting,3847,0
6,8,0,bursting,3847,0
6,9,0,bursting,3847,0
6,11,0,bursting,3847,0
6,13,0,bursting,3847,0
6,14,1,bursting,3847,0.025994281
6,16,0,bursting,3847,0
6,18,0,bursting,3847,0
6,20,23,bursting,3847,0.597868469
6,21,1,bursting,3847,0.025994281
6,23,62,bursting,3847,1.611645438
6,25,1,bursting,3847,0.025994281
6,27,0,bursting,3847,0
6,28,0,bursting,3847,0
6,30,0,bursting,3847,0
6,32,4,bursting,3847,0.103977125
6,33,0,bursting,3847,0
6,35,23,bursting,3847,0.597868469
6,37,0,bursting,3847,0
6,39,6,bursting,3847,0.155965688
6,40,5,bursting,3847,0.129971406
6,42,0,bursting,3847,0
6,44,0,bursting,3847,0
6,45,2370,bursting,3847,61.60644658
6,47,37,bursting,3847,0.961788407
6,49,0,bursting,3847,0
6,51,0,bursting,3847,0
6,52,0,bursting,3847,0
6,54,0,bursting,3847,0
6,56,0,bursting,3847,0
6,57,0,bursting,3847,0
6,59,5,bursting,3847,0.129971406
6,61,33,bursting,3847,0.857811282
6,63,36,bursting,3847,0.935794125
6,64,33,bursting,3847,0.857811282
6,66,59,bursting,3847,1.533662594
6,68,51,bursting,3847,1.325708344
6,69,62,bursting,3847,1.611645438
6,71,77,bursting,3847,2.001559657
6,73,101,bursting,3847,2.625422407
6,75,113,bursting,3847,2.937353782
6,76,146,bursting,3847,3.795165064
6,78,166,bursting,3847,4.315050689
6,80,227,bursting,3847,5.900701846
6,81,95,bursting,3847,2.46945672
6,83,36,bursting,3847,0.935794125
6,85,7,bursting,3847,0.181959969
6,87,3,bursting,3847,0.077982844
6,88,0,bursting,3847,0
7,2,0,bursting,3754,0
7,2,53,bursting,3754,1.411827384
7,4,0,bursting,3754,0
7,6,0,bursting,3754,0
7,7,0,bursting,3754,0
7,9,0,bursting,3754,0
7,11,0,bursting,3754,0
7,13,0,bursting,3754,0
7,14,2,bursting,3754,0.053276505
7,16,0,bursting,3754,0
7,18,4,bursting,3754,0.10655301
7,20,20,bursting,3754,0.532765051
7,22,0,bursting,3754,0
7,23,41,bursting,3754,1.092168354
7,25,2,bursting,3754,0.053276505
7,27,1,bursting,3754,0.026638253
7,29,0,bursting,3754,0
7,31,11,bursting,3754,0.293020778
7,32,0,bursting,3754,0
7,34,2,bursting,3754,0.053276505
7,36,0,bursting,3754,0
7,38,5,bursting,3754,0.133191263
7,39,4,bursting,3754,0.10655301
7,41,0,bursting,3754,0
7,43,0,bursting,3754,0
7,45,2176,bursting,3754,57.96483751
7,47,189,bursting,3754,5.034629728
7,48,0,bursting,3754,0
7,50,0,bursting,3754,0
7,52,27,bursting,3754,0.719232818
7,54,79,bursting,3754,2.10442195
7,55,71,bursting,3754,1.89131593
7,57,0,bursting,3754,0
7,59,15,bursting,3754,0.399573788
7,61,29,bursting,3754,0.772509323
7,63,27,bursting,3754,0.719232818
7,64,34,bursting,3754,0.905700586
7,66,50,bursting,3754,1.331912627
7,68,48,bursting,3754,1.278636121
7,70,67,bursting,3754,1.78476292
7,72,85,bursting,3754,2.264251465
7,73,115,bursting,3754,3.063399041
7,75,120,bursting,3754,3.196590304
7,77,125,bursting,3754,3.329781566
7,79,152,bursting,3754,4.049014385
7,80,173,bursting,3754,4.608417688
7,82,1,bursting,3754,0.026638253
7,84,0,bursting,3754,0
7,86,4,bursting,3754,0.10655301
7,88,21,bursting,3754,0.559403303
7,89,1,bursting,3754,0.026638253
7,91,0,bursting,3754,0
8,2,0,tonic,3750,0
8,2,1,tonic,3750,0.026666667
8,4,0,tonic,3750,0
8,6,0,tonic,3750,0
8,7,0,tonic,3750,0
8,9,0,tonic,3750,0
8,11,0,tonic,3750,0
8,13,0,tonic,3750,0
8,14,0,tonic,3750,0
8,16,0,tonic,3750,0
8,18,0,tonic,3750,0
8,20,1,tonic,3750,0.026666667
8,21,0,tonic,3750,0
8,23,46,tonic,3750,1.226666667
8,25,1,tonic,3750,0.026666667
8,27,0,tonic,3750,0
8,28,0,tonic,3750,0
8,30,0,tonic,3750,0
8,32,0,tonic,3750,0
8,33,1,tonic,3750,0.026666667
8,35,0,tonic,3750,0
8,37,0,tonic,3750,0
8,39,0,tonic,3750,0
8,40,0,tonic,3750,0
8,42,0,tonic,3750,0
8,44,0,tonic,3750,0
8,46,1497,tonic,3750,39.92
8,47,88,tonic,3750,2.346666667
8,49,0,tonic,3750,0
8,51,5,tonic,3750,0.133333333
8,53,113,tonic,3750,3.013333333
8,54,195,tonic,3750,5.2
8,56,4,tonic,3750,0.106666667
8,58,0,tonic,3750,0
8,60,1,tonic,3750,0.026666667
8,61,47,tonic,3750,1.253333333
8,63,45,tonic,3750,1.2
8,65,46,tonic,3750,1.226666667
8,66,83,tonic,3750,2.213333333
8,68,120,tonic,3750,3.2
8,70,111,tonic,3750,2.96
8,72,152,tonic,3750,4.053333333
8,73,205,tonic,3750,5.466666667
8,75,184,tonic,3750,4.906666667
8,77,222,tonic,3750,5.92
8,79,255,tonic,3750,6.8
8,80,326,tonic,3750,8.693333333
8,82,0,tonic,3750,0
8,84,0,tonic,3750,0
8,86,0,tonic,3750,0
8,87,1,tonic,3750,0.026666667
8,89,0,tonic,3750,0
9,3,0,bursting,3924,0
9,3,21,bursting,3924,0.535168196
9,5,0,bursting,3924,0
9,6,0,bursting,3924,0
9,8,0,bursting,3924,0
9,10,0,bursting,3924,0
9,12,1,bursting,3924,0.0254842
9,13,0,bursting,3924,0
9,15,0,bursting,3924,0
9,17,0,bursting,3924,0
9,18,1,bursting,3924,0.0254842
9,20,4,bursting,3924,0.101936799
9,22,1,bursting,3924,0.0254842
9,24,71,bursting,3924,1.809378186
9,25,0,bursting,3924,0
9,27,0,bursting,3924,0
9,29,0,bursting,3924,0
9,31,1,bursting,3924,0.0254842
9,32,0,bursting,3924,0
9,34,0,bursting,3924,0
9,36,1,bursting,3924,0.0254842
9,38,1,bursting,3924,0.0254842
9,39,6,bursting,3924,0.152905199
9,41,0,bursting,3924,0
9,43,0,bursting,3924,0
9,44,1,bursting,3924,0.0254842
9,46,1744,bursting,3924,44.44444444
9,48,1,bursting,3924,0.0254842
9,50,0,bursting,3924,0
9,51,0,bursting,3924,0
9,53,0,bursting,3924,0
9,55,1,bursting,3924,0.0254842
9,57,0,bursting,3924,0
9,58,0,bursting,3924,0
9,60,37,bursting,3924,0.942915392
9,62,66,bursting,3924,1.681957187
9,64,69,bursting,3924,1.758409786
9,65,98,bursting,3924,2.49745158
9,67,98,bursting,3924,2.49745158
9,69,144,bursting,3924,3.669724771
9,70,151,bursting,3924,3.848114169
9,72,202,bursting,3924,5.147808359
9,74,232,bursting,3924,5.912334353
9,76,329,bursting,3924,8.384301733
9,77,398,bursting,3924,10.14271152
9,79,240,bursting,3924,6.116207951
9,81,0,bursting,3924,0
9,83,1,bursting,3924,0.0254842
9,84,0,bursting,3924,0
9,86,2,bursting,3924,0.0509684
9,88,2,bursting,3924,0.0509684
9,90,0,bursting,3924,0
10,2,0,tonic,3718,0
10,2,1,tonic,3718,0.026896181
10,4,0,tonic,3718,0
10,6,0,tonic,3718,0
10,7,0,tonic,3718,0
10,9,0,tonic,3718,0
10,11,0,tonic,3718,0
10,13,0,tonic,3718,0
10,14,0,tonic,3718,0
10,16,0,tonic,3718,0
10,18,1,tonic,3718,0.026896181
10,20,0,tonic,3718,0
10,22,0,tonic,3718,0
10,23,62,tonic,3718,1.667563206
10,25,2,tonic,3718,0.053792361
10,27,1,tonic,3718,0.026896181
10,29,0,tonic,3718,0
10,30,4,tonic,3718,0.107584723
10,32,14,tonic,3718,0.37654653
10,34,6,tonic,3718,0.161377084
10,36,0,tonic,3718,0
10,38,0,tonic,3718,0
10,39,0,tonic,3718,0
10,41,0,tonic,3718,0
10,43,0,tonic,3718,0
10,45,0,tonic,3718,0
10,46,1520,tonic,3718,40.88219473
10,48,24,tonic,3718,0.645508338
10,50,0,tonic,3718,0
10,52,45,tonic,3718,1.210328133
10,53,155,tonic,3718,4.168908015
10,55,94,tonic,3718,2.52824099
10,57,13,tonic,3718,0.34965035
10,59,12,tonic,3718,0.322754169
10,61,34,tonic,3718,0.914470145
10,62,55,tonic,3718,1.479289941
10,64,54,tonic,3718,1.45239376
10,66,63,tonic,3718,1.694459387
10,68,81,tonic,3718,2.17859064
10,69,112,tonic,3718,3.012372243
10,71,93,tonic,3718,2.501344809
10,73,199,tonic,3718,5.352339968
10,75,178,tonic,3718,4.787520172
10,77,244,tonic,3718,6.562668101
10,78,272,tonic,3718,7.315761162
10,80,310,tonic,3718,8.33781603
10,82,47,tonic,3718,1.264120495
10,84,0,tonic,3718,0
10,85,2,tonic,3718,0.053792361
10,87,4,tonic,3718,0.107584723
10,89,16,tonic,3718,0.430338892
10,91,0,tonic,3718,0
11,3,0,tonic,3525,0
11,3,1,tonic,3525,0.028368794
11,4,0,tonic,3525,0
11,6,0,tonic,3525,0
11,7,0,tonic,3525,0
11,9,0,tonic,3525,0
11,11,0,tonic,3525,0
11,12,0,tonic,3525,0
11,14,0,tonic,3525,0
11,15,0,tonic,3525,0
11,17,0,tonic,3525,0
11,19,0,tonic,3525,0
11,20,0,tonic,3525,0
11,22,0,tonic,3525,0
11,24,49,tonic,3525,1.390070922
11,25,0,tonic,3525,0
11,27,0,tonic,3525,0
11,28,0,tonic,3525,0
11,30,0,tonic,3525,0
11,32,0,tonic,3525,0
11,33,0,tonic,3525,0
11,35,0,tonic,3525,0
11,36,0,tonic,3525,0
11,38,0,tonic,3525,0
11,40,1,tonic,3525,0.028368794
11,41,0,tonic,3525,0
11,43,0,tonic,3525,0
11,44,0,tonic,3525,0
11,46,1324,tonic,3525,37.56028369
11,48,0,tonic,3525,0
11,49,0,tonic,3525,0
11,51,0,tonic,3525,0
11,53,3,tonic,3525,0.085106383
11,54,3,tonic,3525,0.085106383
11,56,0,tonic,3525,0
11,57,3,tonic,3525,0.085106383
11,59,9,tonic,3525,0.255319149
11,61,42,tonic,3525,1.191489362
11,62,50,tonic,3525,1.418439716
11,64,49,tonic,3525,1.390070922
11,65,50,tonic,3525,1.418439716
11,67,99,tonic,3525,2.808510638
11,69,99,tonic,3525,2.808510638
11,70,105,tonic,3525,2.978723404
11,72,156,tonic,3525,4.425531915
11,74,184,tonic,3525,5.219858156
11,75,244,tonic,3525,6.921985816
11,77,203,tonic,3525,5.758865248
11,78,241,tonic,3525,6.836879433
11,80,319,tonic,3525,9.04964539
11,82,291,tonic,3525,8.255319149
11,83,0,tonic,3826,0
12,3,0,bursting,3826,0
12,3,79,bursting,3826,2.064819655
12,4,0,bursting,3826,0
12,6,0,bursting,3826,0
12,8,0,bursting,3826,0
12,10,0,bursting,3826,0
12,12,0,bursting,3826,0
12,13,2,bursting,3826,0.052273915
12,15,4,bursting,3826,0.104547831
12,17,0,bursting,3826,0
12,19,0,bursting,3826,0
12,20,7,bursting,3826,0.182958704
12,22,7,bursting,3826,0.182958704
12,24,86,bursting,3826,2.247778359
12,26,0,bursting,3826,0
12,28,0,bursting,3826,0
12,29,1,bursting,3826,0.026136958
12,31,40,bursting,3826,1.045478306
12,33,0,bursting,3826,0
12,35,0,bursting,3826,0
12,36,0,bursting,3826,0
12,38,0,bursting,3826,0
12,40,48,bursting,3826,1.254573968
12,42,1,bursting,3826,0.026136958
12,44,1,bursting,3826,0.026136958
12,45,2304,bursting,3826,60.21955044
12,47,95,bursting,3826,2.483010978
12,49,0,bursting,3826,0
12,51,0,bursting,3826,0
12,52,1,bursting,3826,0.026136958
12,54,0,bursting,3826,0
12,56,1,bursting,3826,0.026136958
12,58,0,bursting,3826,0
12,60,18,bursting,3826,0.470465238
12,61,70,bursting,3826,1.829587036
12,63,89,bursting,3826,2.326189232
12,65,45,bursting,3826,1.176163095
12,67,89,bursting,3826,2.326189232
12,68,65,bursting,3826,1.698902248
12,70,63,bursting,3826,1.646628332
12,72,98,bursting,3826,2.56142185
12,74,97,bursting,3826,2.535284893
12,76,147,bursting,3826,3.842132776
12,77,145,bursting,3826,3.78985886
12,79,161,bursting,3826,4.208050183
12,81,11,bursting,3826,0.287506534
12,83,10,bursting,3826,0.261369577
12,84,2,bursting,3826,0.052273915
12,86,4,bursting,3826,0.104547831
12,88,23,bursting,3826,0.601150026
12,90,12,bursting,3826,0.313643492
12,92,0,bursting,3826,0
13,24,0,tonic,3801,0
13,24,40,tonic,3801,1.052354644
13,25,0,tonic,3801,0
13,26,0,tonic,3801,0
13,27,0,tonic,3801,0
13,28,0,tonic,3801,0
13,30,0,tonic,3801,0
13,31,0,tonic,3801,0
13,32,0,tonic,3801,0
13,33,0,tonic,3801,0
13,34,0,tonic,3801,0
13,35,0,tonic,3801,0
13,37,0,tonic,3801,0
13,38,0,tonic,3801,0
13,39,0,tonic,3801,0
13,40,0,tonic,3801,0
13,41,0,tonic,3801,0
13,42,0,tonic,3801,0
13,44,0,tonic,3801,0
13,45,9,tonic,3801,0.236779795
13,46,1803,tonic,3801,47.43488556
13,47,1,tonic,3801,0.026308866
13,48,1,tonic,3801,0.026308866
13,49,0,tonic,3801,0
13,51,0,tonic,3801,0
13,52,0,tonic,3801,0
13,53,80,tonic,3801,2.104709287
13,54,43,tonic,3801,1.131281242
13,55,83,tonic,3801,2.183635885
13,57,81,tonic,3801,2.131018153
13,58,1,tonic,3801,0.026308866
13,59,0,tonic,3801,0
13,60,76,tonic,3801,1.999473823
13,61,4,tonic,3801,0.105235464
13,62,40,tonic,3801,1.052354644
13,64,23,tonic,3801,0.60510392
13,65,22,tonic,3801,0.578795054
13,66,35,tonic,3801,0.920810313
13,67,42,tonic,3801,1.104972376
13,68,76,tonic,3801,1.999473823
13,69,42,tonic,3801,1.104972376
13,71,81,tonic,3801,2.131018153
13,72,43,tonic,3801,1.131281242
13,73,140,tonic,3801,3.683241252
13,74,163,tonic,3801,4.288345172
13,75,91,tonic,3801,2.394106814
13,76,165,tonic,3801,4.340962904
13,78,82,tonic,3801,2.157327019
13,79,206,tonic,3801,5.419626414
13,80,242,tonic,3801,6.366745593
13,81,86,tonic,3801,2.262562484
13,82,0,tonic,3801,0
14,20,0,tonic,3835,0
14,20,36,tonic,3835,0.938722295
14,21,3,tonic,3835,0.078226858
14,22,0,tonic,3835,0
14,24,42,tonic,3835,1.09517601
14,25,0,tonic,3835,0
14,27,0,tonic,3835,0
14,28,3,tonic,3835,0.078226858
14,29,0,tonic,3835,0
14,31,0,tonic,3835,0
14,32,0,tonic,3835,0
14,34,0,tonic,3835,0
14,35,0,tonic,3835,0
14,36,0,tonic,3835,0
14,38,0,tonic,3835,0
14,39,0,tonic,3835,0
14,41,0,tonic,3835,0
14,42,0,tonic,3835,0
14,43,0,tonic,3835,0
14,45,0,tonic,3835,0
14,46,1731,tonic,3835,45.136897
14,48,43,tonic,3835,1.12125163
14,49,4,tonic,3835,0.104302477
14,50,22,tonic,3835,0.573663625
14,52,12,tonic,3835,0.312907432
14,53,112,tonic,3835,2.920469361
14,55,120,tonic,3835,3.129074316
14,56,36,tonic,3835,0.938722295
14,57,1,tonic,3835,0.026075619
14,59,15,tonic,3835,0.391134289
14,60,13,tonic,3835,0.338983051
14,62,33,tonic,3835,0.860495437
14,63,36,tonic,3835,0.938722295
14,64,28,tonic,3835,0.73011734
14,66,53,tonic,3835,1.382007823
14,67,58,tonic,3835,1.512385919
14,69,63,tonic,3835,1.642764016
14,70,64,tonic,3835,1.668839635
14,71,90,tonic,3835,2.346805737
14,73,161,tonic,3835,4.198174707
14,74,159,tonic,3835,4.146023468
14,76,95,tonic,3835,2.477183833
14,77,200,tonic,3835,5.215123859
14,78,190,tonic,3835,4.954367666
14,80,280,tonic,3835,7.301173403
14,81,128,tonic,3835,3.33767927
14,83,0,tonic,3835,0
14,84,0,tonic,3835,0
14,85,1,tonic,3835,0.026075619
14,87,0,tonic,3835,0
14,88,3,tonic,3835,0.078226858
14,90,0,tonic,3835,0
15,4,0,bursting,4311,0
15,4,69,bursting,4311,1.600556715
15,5,0,bursting,4311,0
15,7,0,bursting,4311,0
15,9,0,bursting,4311,0
15,11,0,bursting,4311,0
15,12,0,bursting,4311,0
15,14,0,bursting,4311,0
15,16,5,bursting,4311,0.115982371
15,18,3,bursting,4311,0.069589422
15,19,0,bursting,4311,0
15,21,0,bursting,4311,0
15,23,119,bursting,4311,2.760380422
15,25,3,bursting,4311,0.069589422
15,26,16,bursting,4311,0.371143586
15,28,10,bursting,4311,0.231964741
15,30,1,bursting,4311,0.023196474
15,32,61,bursting,4311,1.414984922
15,34,0,bursting,4311,0
15,35,8,bursting,4311,0.185571793
15,37,0,bursting,4311,0
15,39,23,bursting,4311,0.533518905
15,41,26,bursting,4311,0.603108328
15,42,12,bursting,4311,0.27835769
15,44,37,bursting,4311,0.858269543
15,46,2253,bursting,4311,52.26165623
15,48,156,bursting,4311,3.618649965
15,49,0,bursting,4311,0
15,51,0,bursting,4311,0
15,53,0,bursting,4311,0
15,55,0,bursting,4311,0
15,56,0,bursting,4311,0
15,58,0,bursting,4311,0
15,60,30,bursting,4311,0.695894224
15,62,101,bursting,4311,2.342843888
15,63,80,bursting,4311,1.855717931
15,65,92,bursting,4311,2.134075621
15,67,101,bursting,4311,2.342843888
15,69,126,bursting,4311,2.922755741
15,70,99,bursting,4311,2.296450939
15,72,143,bursting,4311,3.317095801
15,74,191,bursting,4311,4.43052656
15,76,218,bursting,4311,5.056831362
15,78,233,bursting,4311,5.404778474
15,79,10,bursting,4311,0.231964741
15,81,9,bursting,4311,0.208768267
15,83,10,bursting,4311,0.231964741
15,85,17,bursting,4311,0.39434006
15,86,7,bursting,4311,0.162375319
15,88,31,bursting,4311,0.719090698
15,90,11,bursting,4311,0.255161215
15,92,0,bursting,4311,0
16,2,0,bursting,3616,0
16,2,5,bursting,3616,0.138274336
16,4,0,bursting,3616,0
16,6,0,bursting,3616,0
16,7,0,bursting,3616,0
16,9,0,bursting,3616,0
16,11,0,bursting,3616,0
16,13,0,bursting,3616,0
16,14,0,bursting,3616,0
16,16,0,bursting,3616,0
16,18,0,bursting,3616,0
16,20,1,bursting,3616,0.027654867
16,21,0,bursting,3616,0
16,23,49,bursting,3616,1.355088496
16,25,0,bursting,3616,0
16,27,0,bursting,3616,0
16,28,0,bursting,3616,0
16,30,0,bursting,3616,0
16,32,0,bursting,3616,0
16,34,0,bursting,3616,0
16,35,0,bursting,3616,0
16,37,0,bursting,3616,0
16,39,1,bursting,3616,0.027654867
16,41,0,bursting,3616,0
16,42,0,bursting,3616,0
16,44,0,bursting,3616,0
16,46,1409,bursting,3616,38.96570796
16,48,44,bursting,3616,1.216814159
16,49,0,bursting,3616,0
16,51,0,bursting,3616,0
16,53,105,bursting,3616,2.903761062
16,55,3,bursting,3616,0.082964602
16,56,1,bursting,3616,0.027654867
16,58,0,bursting,3616,0
16,60,22,bursting,3616,0.60840708
16,62,31,bursting,3616,0.857300885
16,63,63,bursting,3616,1.742256637
16,65,63,bursting,3616,1.742256637
16,67,88,bursting,3616,2.433628319
16,69,97,bursting,3616,2.682522124
16,70,151,bursting,3616,4.175884956
16,72,178,bursting,3616,4.922566372
16,74,196,bursting,3616,5.420353982
16,76,200,bursting,3616,5.530973451
16,77,232,bursting,3616,6.415929204
16,79,304,bursting,3616,8.407079646
16,81,314,bursting,3616,8.683628319
16,83,58,bursting,3616,1.603982301
16,84,0,bursting,3616,0
16,86,0,bursting,3616,0
16,88,1,bursting,3616,0.027654867
16,90,0,bursting,3616,0
17,2,0,bursting,4345,0
17,2,38,bursting,4345,0.87456847
17,4,0,bursting,4345,0
17,6,0,bursting,4345,0
17,7,0,bursting,4345,0
17,9,0,bursting,4345,0
17,11,0,bursting,4345,0
17,13,0,bursting,4345,0
17,14,0,bursting,4345,0
17,16,1,bursting,4345,0.02301496
17,18,0,bursting,4345,0
17,20,7,bursting,4345,0.161104718
17,21,0,bursting,4345,0
17,23,69,bursting,4345,1.588032221
17,25,0,bursting,4345,0
17,27,0,bursting,4345,0
17,28,1,bursting,4345,0.02301496
17,30,1,bursting,4345,0.02301496
17,32,0,bursting,4345,0
17,34,6,bursting,4345,0.138089758
17,36,14,bursting,4345,0.322209436
17,37,0,bursting,4345,0
17,39,0,bursting,4345,0
17,41,0,bursting,4345,0
17,43,0,bursting,4345,0
17,44,0,bursting,4345,0
17,46,2291,bursting,4345,52.72727273
17,48,0,bursting,4345,0
17,50,0,bursting,4345,0
17,51,9,bursting,4345,0.207134638
17,53,128,bursting,4345,2.945914845
17,55,108,bursting,4345,2.48561565
17,57,2,bursting,4345,0.046029919
17,59,18,bursting,4345,0.414269275
17,60,24,bursting,4345,0.552359033
17,62,35,bursting,4345,0.80552359
17,64,60,bursting,4345,1.380897583
17,66,66,bursting,4345,1.518987342
17,67,79,bursting,4345,1.818181818
17,69,83,bursting,4345,1.910241657
17,71,132,bursting,4345,3.037974684
17,73,169,bursting,4345,3.889528193
17,74,167,bursting,4345,3.843498274
17,76,213,bursting,4345,4.902186421
17,78,255,bursting,4345,5.86881473
17,80,260,bursting,4345,5.983889528
17,81,94,bursting,4345,2.163406214
17,83,5,bursting,4345,0.115074799
17,85,0,bursting,4345,0
17,87,3,bursting,4345,0.069044879
17,89,7,bursting,4345,0.161104718
17,90,0,bursting,4345,0
18,2,0,bursting,4392,0
18,2,37,bursting,4392,0.842440801
18,4,0,bursting,4392,0
18,6,0,bursting,4392,0
18,7,0,bursting,4392,0
18,9,0,bursting,4392,0
18,11,0,bursting,4392,0
18,12,0,bursting,4392,0
18,14,0,bursting,4392,0
18,16,2,bursting,4392,0.045537341
18,18,0,bursting,4392,0
18,19,1,bursting,4392,0.02276867
18,21,0,bursting,4392,0
18,23,65,bursting,4392,1.47996357
18,24,0,bursting,4392,0
18,26,0,bursting,4392,0
18,28,2,bursting,4392,0.045537341
18,30,0,bursting,4392,0
18,31,11,bursting,4392,0.250455373
18,33,0,bursting,4392,0
18,35,1,bursting,4392,0.02276867
18,36,0,bursting,4392,0
18,38,0,bursting,4392,0
18,40,17,bursting,4392,0.387067395
18,42,0,bursting,4392,0
18,43,0,bursting,4392,0
18,45,2208,bursting,4392,50.27322404
18,47,75,bursting,4392,1.707650273
18,48,0,bursting,4392,0
18,50,0,bursting,4392,0
18,52,42,bursting,4392,0.956284153
18,54,185,bursting,4392,4.212204007
18,55,14,bursting,4392,0.318761384
18,57,7,bursting,4392,0.159380692
18,59,10,bursting,4392,0.227686703
18,60,58,bursting,4392,1.320582878
18,62,29,bursting,4392,0.660291439
18,64,88,bursting,4392,2.003642987
18,66,44,bursting,4392,1.001821494
18,67,103,bursting,4392,2.345173042
18,69,88,bursting,4392,2.003642987
18,71,140,bursting,4392,3.187613843
18,72,174,bursting,4392,3.961748634
18,74,165,bursting,4392,3.756830601
18,76,197,bursting,4392,4.485428051
18,78,175,bursting,4392,3.984517304
18,79,332,bursting,4392,7.559198543
18,81,115,bursting,4392,2.618397086
18,83,3,bursting,4392,0.068306011
18,84,2,bursting,4392,0.045537341
18,86,2,bursting,4392,0.045537341
18,88,0,bursting,4392,0
20,2,0,bursting,3097,0
20,2,68,bursting,3097,2.195673232
20,4,0,bursting,3097,0
20,5,0,bursting,3097,0
20,7,0,bursting,3097,0
20,9,0,bursting,3097,0
20,11,0,bursting,3097,0
20,12,0,bursting,3097,0
20,14,0,bursting,3097,0
20,16,1,bursting,3097,0.032289312
20,17,0,bursting,3097,0
20,19,61,bursting,3097,1.969648046
20,21,0,bursting,3097,0
20,23,13,bursting,3097,0.419761059
20,24,2,bursting,3097,0.064578624
20,26,0,bursting,3097,0
20,28,0,bursting,3097,0
20,29,0,bursting,3097,0
20,31,1,bursting,3097,0.032289312
20,33,0,bursting,3097,0
20,35,2,bursting,3097,0.064578624
20,36,0,bursting,3097,0
20,38,1,bursting,3097,0.032289312
20,40,1,bursting,3097,0.032289312
20,41,0,bursting,3097,0
20,43,0,bursting,3097,0
20,45,2370,bursting,3097,76.52567
20,47,85,bursting,3097,2.74459154
20,48,0,bursting,3097,0
20,50,0,bursting,3097,0
20,52,11,bursting,3097,0.355182435
20,54,25,bursting,3097,0.807232806
20,55,25,bursting,3097,0.807232806
20,57,7,bursting,3097,0.226025186
20,59,5,bursting,3097,0.161446561
20,60,11,bursting,3097,0.355182435
20,62,12,bursting,3097,0.387471747
20,64,15,bursting,3097,0.484339684
20,66,14,bursting,3097,0.452050371
20,67,20,bursting,3097,0.645786245
20,69,26,bursting,3097,0.839522118
20,71,22,bursting,3097,0.710364869
20,72,53,bursting,3097,1.711333549
20,74,37,bursting,3097,1.194704553
20,76,45,bursting,3097,1.453019051
20,78,50,bursting,3097,1.614465612
20,79,77,bursting,3097,2.486277042
20,81,34,bursting,3097,1.097836616
20,83,1,bursting,3097,0.032289312
20,84,0,bursting,3097,0
20,86,2,bursting,3097,0.064578624
20,88,0,bursting,3097,0
1,1,0,control,1816,0
1,1,78,control,1816,4.295154185
1,2,0,control,1816,0
1,3,0,control,1816,0
1,4,0,control,1816,0
1,5,0,control,1816,0
1,6,0,control,1816,0
1,7,0,control,1816,0
1,8,0,control,1816,0
1,9,0,control,1816,0
1,9,0,control,1816,0
1,10,0,control,1816,0
1,11,0,control,1816,0
1,12,0,control,1816,0
1,13,0,control,1816,0
1,14,0,control,1816,0
1,15,0,control,1816,0
1,16,0,control,1816,0
1,17,0,control,1816,0
1,18,0,control,1816,0
1,19,0,control,1816,0
1,19,0,control,1816,0
1,20,0,control,1816,0
1,21,0,control,1816,0
1,22,0,control,1816,0
1,23,0,control,1816,0
1,24,0,control,1816,0
1,25,0,control,1816,0
1,26,0,control,1816,0
1,27,0,control,1816,0
1,28,0,control,1816,0
1,29,0,control,1816,0
1,29,0,control,1816,0
1,30,0,control,1816,0
1,31,0,control,1816,0
1,32,0,control,1816,0
1,33,0,control,1816,0
1,34,0,control,1816,0
1,35,0,control,1816,0
1,36,0,control,1816,0
1,37,0,control,1816,0
1,38,0,control,1816,0
1,39,0,control,1816,0
1,39,0,control,1816,0
1,40,0,control,1816,0
1,41,79,control,1816,4.350220264
1,42,0,control,1816,0
1,43,0,control,1816,0
1,44,9,control,1816,0.495594714
1,45,80,control,1816,4.405286344
1,46,1570,control,1816,86.45374449
1,47,0,control,1816,0
2,1,0,control,1797,0
2,1,81,control,1797,4.507512521
2,2,0,control,1797,0
2,3,0,control,1797,0
2,4,0,control,1797,0
2,5,0,control,1797,0
2,6,0,control,1797,0
2,7,0,control,1797,0
2,8,0,control,1797,0
2,9,0,control,1797,0
2,9,0,control,1797,0
2,10,0,control,1797,0
2,11,0,control,1797,0
2,12,0,control,1797,0
2,13,0,control,1797,0
2,14,0,control,1797,0
2,15,0,control,1797,0
2,16,0,control,1797,0
2,17,0,control,1797,0
2,18,0,control,1797,0
2,19,0,control,1797,0
2,19,0,control,1797,0
2,20,0,control,1797,0
2,21,0,control,1797,0
2,22,0,control,1797,0
2,23,0,control,1797,0
2,24,0,control,1797,0
2,25,0,control,1797,0
2,26,0,control,1797,0
2,27,0,control,1797,0
2,28,0,control,1797,0
2,28,0,control,1797,0
2,29,0,control,1797,0
2,30,0,control,1797,0
2,31,0,control,1797,0
2,32,0,control,1797,0
2,33,0,control,1797,0
2,34,0,control,1797,0
2,35,0,control,1797,0
2,36,0,control,1797,0
2,37,0,control,1797,0
2,37,0,control,1797,0
2,38,0,control,1797,0
2,39,0,control,1797,0
2,40,0,control,1797,0
2,41,82,control,1797,4.563160824
2,42,0,control,1797,0
2,43,0,control,1797,0
2,44,0,control,1797,0
2,45,82,control,1797,4.563160824
2,46,1552,control,1797,86.36616583
2,47,0,control,1797,0
3,1,0,control,1816,0
3,1,80,control,1816,4.405286344
3,2,0,control,1816,0
3,3,0,control,1816,0
3,4,0,control,1816,0
3,5,0,control,1816,0
3,6,0,control,1816,0
3,7,0,control,1816,0
3,8,0,control,1816,0
3,9,0,control,1816,0
3,9,0,control,1816,0
3,10,0,control,1816,0
3,11,0,control,1816,0
3,12,0,control,1816,0
3,13,0,control,1816,0
3,14,0,control,1816,0
3,15,0,control,1816,0
3,16,0,control,1816,0
3,17,0,control,1816,0
3,18,0,control,1816,0
3,19,0,control,1816,0
3,20,0,control,1816,0
3,20,0,control,1816,0
3,21,0,control,1816,0
3,22,0,control,1816,0
3,23,0,control,1816,0
3,24,0,control,1816,0
3,25,0,control,1816,0
3,26,0,control,1816,0
3,27,0,control,1816,0
3,28,0,control,1816,0
3,29,0,control,1816,0
3,30,0,control,1816,0
3,30,0,control,1816,0
3,31,0,control,1816,0
3,32,0,control,1816,0
3,33,0,control,1816,0
3,34,0,control,1816,0
3,35,0,control,1816,0
3,36,0,control,1816,0
3,37,0,control,1816,0
3,38,0,control,1816,0
3,39,0,control,1816,0
3,40,0,control,1816,0
3,40,0,control,1816,0
3,41,81,control,1816,4.460352423
3,42,0,control,1816,0
3,43,0,control,1816,0
3,44,58,control,1816,3.193832599
3,45,81,control,1816,4.460352423
3,46,1516,control,1816,83.48017621
3,47,0,control,1816,0
4,1,0,control,1760,0
4,1,87,control,1760,4.943181818
4,2,0,control,1760,0
4,3,0,control,1760,0
4,4,0,control,1760,0
4,5,0,control,1760,0
4,6,0,control,1760,0
4,7,0,control,1760,0
4,8,0,control,1760,0
4,9,0,control,1760,0
4,10,0,control,1760,0
4,11,0,control,1760,0
4,11,0,control,1760,0
4,12,0,control,1760,0
4,13,0,control,1760,0
4,14,0,control,1760,0
4,15,0,control,1760,0
4,16,0,control,1760,0
4,17,0,control,1760,0
4,18,0,control,1760,0
4,19,0,control,1760,0
4,20,0,control,1760,0
4,21,0,control,1760,0
4,21,0,control,1760,0
4,22,0,control,1760,0
4,23,0,control,1760,0
4,24,0,control,1760,0
4,25,0,control,1760,0
4,26,0,control,1760,0
4,27,0,control,1760,0
4,28,0,control,1760,0
4,29,0,control,1760,0
4,30,0,control,1760,0
4,31,0,control,1760,0
4,31,0,control,1760,0
4,32,0,control,1760,0
4,33,0,control,1760,0
4,34,0,control,1760,0
4,35,0,control,1760,0
4,36,0,control,1760,0
4,37,0,control,1760,0
4,38,0,control,1760,0
4,39,0,control,1760,0
4,40,0,control,1760,0
4,41,0,control,1760,0
4,41,88,control,1760,5
4,42,0,control,1760,0
4,43,0,control,1760,0
4,44,68,control,1760,3.863636364
4,45,64,control,1760,3.636363636
4,46,1453,control,1760,82.55681818
4,47,0,control,1760,0
5,2,0,control,1709,0
5,2,94,control,1709,5.500292569
5,2,0,control,1709,0
5,3,0,control,1709,0
5,4,0,control,1709,0
5,5,0,control,1709,0
5,6,0,control,1709,0
5,7,0,control,1709,0
5,8,0,control,1709,0
5,9,0,control,1709,0
5,10,0,control,1709,0
5,10,0,control,1709,0
5,11,0,control,1709,0
5,12,0,control,1709,0
5,13,0,control,1709,0
5,14,0,control,1709,0
5,15,0,control,1709,0
5,16,0,control,1709,0
5,17,0,control,1709,0
5,18,0,control,1709,0
5,19,0,control,1709,0
5,19,0,control,1709,0
5,20,0,control,1709,0
5,21,0,control,1709,0
5,22,0,control,1709,0
5,23,0,control,1709,0
5,24,0,control,1709,0
5,25,0,control,1709,0
5,26,0,control,1709,0
5,27,0,control,1709,0
5,27,0,control,1709,0
5,28,0,control,1709,0
5,29,0,control,1709,0
5,30,0,control,1709,0
5,31,0,control,1709,0
5,32,0,control,1709,0
5,33,0,control,1709,0
5,34,0,control,1709,0
5,35,0,control,1709,0
5,36,0,control,1709,0
5,36,0,control,1709,0
5,37,0,control,1709,0
5,38,0,control,1709,0
5,39,0,control,1709,0
5,40,0,control,1709,0
5,41,95,control,1709,5.558806319
5,42,0,control,1709,0
5,43,0,control,1709,0
5,44,0,control,1709,0
5,45,95,control,1709,5.558806319
5,45,1425,control,1709,83.38209479
5,46,0,control,1709,0
